project,conflictJar,riskLevel,prediction,actual,oldPath,newPath
org.apache.abdera:abdera-extensions-features,xerces:xercesImpl,1,not fixed,not fixed,D:\rawData\gitHub_old\abdera-abdera-1.1.2-RC2\extensions\features,D:\rawData\gitHub_new\abdera-abdera-1.1.3-RC2\extensions\features
org.apache.abdera:abdera-extensions-features,commons-logging:commons-logging,1,not fixed,not fixed,D:\rawData\gitHub_old\abdera-abdera-1.1.2-RC2\extensions\features,D:\rawData\gitHub_new\abdera-abdera-1.1.3-RC2\extensions\features
org.apache.abdera:abdera-extensions-features,org.codehaus.woodstox:wstx-asl,4,fixed,fixed,D:\rawData\gitHub_old\abdera-abdera-1.1.2-RC2\extensions\features,D:\rawData\gitHub_new\abdera-abdera-1.1.3-RC2\extensions\features
org.apache.abdera:abdera-extensions-features,xml-apis:xml-apis,1,not fixed,not fixed,D:\rawData\gitHub_old\abdera-abdera-1.1.2-RC2\extensions\features,D:\rawData\gitHub_new\abdera-abdera-1.1.3-RC2\extensions\features
org.apache.abdera:abdera-extensions-features,commons-codec:commons-codec,1,not fixed,not fixed,D:\rawData\gitHub_old\abdera-abdera-1.1.2-RC2\extensions\features,D:\rawData\gitHub_new\abdera-abdera-1.1.3-RC2\extensions\features
commons-chain:commons-chain,commons-logging:commons-logging,1,not fixed,not fixed,D:\rawData\gitHub_old\commons-chain-CHAIN_1_2_RC2,D:\rawData\gitHub_new\commons-chain-CHAIN_1_2
commons-chain:commons-chain,commons-digester:commons-digester,1,not fixed,not fixed,D:\rawData\gitHub_old\commons-chain-CHAIN_1_2_RC2,D:\rawData\gitHub_new\commons-chain-CHAIN_1_2
org.apache.bookkeeper.stats:bookkeeper-stats-api,commons-logging:commons-logging,1,not fixed,not fixed,D:\rawData\gitHub_old\bookkeeper-release-4.5.0\bookkeeper-stats,D:\rawData\gitHub_new\bookkeeper-release-4.6.1\bookkeeper-stats
org.apache.servicemix:servicemix-audit,commons-lang:commons-lang,3,fixed,fixed,D:\rawData\gitHub_old\servicemix3-servicemix-3.3.2\core\servicemix-audit,D:\rawData\gitHub_new\servicemix3-servicemix-3.4.1\core\servicemix-audit
org.apache.servicemix:servicemix-audit,com.sun.xml.bind:jaxb-impl,1,not fixed,fixed,D:\rawData\gitHub_old\servicemix3-servicemix-3.3.2\core\servicemix-audit,D:\rawData\gitHub_new\servicemix3-servicemix-3.4.1\core\servicemix-audit
org.apache.servicemix:servicemix-audit,com.thoughtworks.xstream:xstream,1,not fixed,fixed,D:\rawData\gitHub_old\servicemix3-servicemix-3.3.2\core\servicemix-audit,D:\rawData\gitHub_new\servicemix3-servicemix-3.4.1\core\servicemix-audit
org.apache.servicemix:servicemix-audit,commons-collections:commons-collections,1,not fixed,not fixed,D:\rawData\gitHub_old\servicemix3-servicemix-3.3.2\core\servicemix-audit,D:\rawData\gitHub_new\servicemix3-servicemix-3.4.1\core\servicemix-audit
org.apache.servicemix:servicemix-audit,junit:junit,3,fixed,fixed,D:\rawData\gitHub_old\servicemix3-servicemix-3.3.2\core\servicemix-audit,D:\rawData\gitHub_new\servicemix3-servicemix-3.4.1\core\servicemix-audit
org.apache.servicemix:servicemix-audit,commons-pool:commons-pool,1,not fixed,not fixed,D:\rawData\gitHub_old\servicemix3-servicemix-3.3.2\core\servicemix-audit,D:\rawData\gitHub_new\servicemix3-servicemix-3.4.1\core\servicemix-audit
org.apache.servicemix:servicemix-audit,org.apache.geronimo.specs:geronimo-jta_1.0.1B_spec,1,not fixed,not fixed,D:\rawData\gitHub_old\servicemix3-servicemix-3.3.2\core\servicemix-audit,D:\rawData\gitHub_new\servicemix3-servicemix-3.4.1\core\servicemix-audit
org.apache.servicemix:servicemix-audit,javax.xml.bind:jaxb-api,1,not fixed,fixed,D:\rawData\gitHub_old\servicemix3-servicemix-3.3.2\core\servicemix-audit,D:\rawData\gitHub_new\servicemix3-servicemix-3.4.1\core\servicemix-audit
org.apache.servicemix:servicemix-audit,commons-logging:commons-logging,1,not fixed,not fixed,D:\rawData\gitHub_old\servicemix3-servicemix-3.3.2\core\servicemix-audit,D:\rawData\gitHub_new\servicemix3-servicemix-3.4.1\core\servicemix-audit
org.apache.servicemix:servicemix-audit,commons-net:commons-net,1,not fixed,not fixed,D:\rawData\gitHub_old\servicemix3-servicemix-3.3.2\core\servicemix-audit,D:\rawData\gitHub_new\servicemix3-servicemix-3.4.1\core\servicemix-audit
org.apache.servicemix:servicemix-audit,xml-apis:xml-apis,1,not fixed,not fixed,D:\rawData\gitHub_old\servicemix3-servicemix-3.3.2\core\servicemix-audit,D:\rawData\gitHub_new\servicemix3-servicemix-3.4.1\core\servicemix-audit
org.apache.servicemix:servicemix-audit,org.apache.geronimo.specs:geronimo-j2ee-management_1.0_spec,1,not fixed,fixed,D:\rawData\gitHub_old\servicemix3-servicemix-3.3.2\core\servicemix-audit,D:\rawData\gitHub_new\servicemix3-servicemix-3.4.1\core\servicemix-audit
org.apache.servicemix:servicemix-audit,org.apache.servicemix.specs:org.apache.servicemix.specs.jbi-api-1.0,1,not fixed,not fixed,D:\rawData\gitHub_old\servicemix3-servicemix-3.3.2\core\servicemix-audit,D:\rawData\gitHub_new\servicemix3-servicemix-3.4.1\core\servicemix-audit
org.apache.servicemix:servicemix-audit,org.apache.activemq:activeio-core,4,fixed,fixed,D:\rawData\gitHub_old\servicemix3-servicemix-3.3.2\core\servicemix-audit,D:\rawData\gitHub_new\servicemix3-servicemix-3.4.1\core\servicemix-audit
org.apache.myfaces.extensions.cdi.core:myfaces-extcdi-core-impl,junit:junit,1,not fixed,not fixed,D:\rawData\gitHub_old\myfaces-extcdi-extcdi-1.0.5\core\impl,D:\rawData\gitHub_new\myfaces-extcdi-extcdi-1.0.6\core\impl
org.apache.marmotta:ldclient-provider-rdf,com.fasterxml.jackson.core:jackson-core,4,fixed,not fixed,D:\rawData\gitHub_old\marmotta-3.2.1\libraries\ldclient\ldclient-provider-rdf,D:\rawData\gitHub_new\marmotta-3.3.0\libraries\ldclient\ldclient-provider-rdf
org.apache.marmotta:ldclient-provider-rdf,org.slf4j:slf4j-api,1,not fixed,not fixed,D:\rawData\gitHub_old\marmotta-3.2.1\libraries\ldclient\ldclient-provider-rdf,D:\rawData\gitHub_new\marmotta-3.3.0\libraries\ldclient\ldclient-provider-rdf
org.apache.marmotta:ldclient-provider-rdf,org.openrdf.sesame:sesame-model,3,fixed,fixed,D:\rawData\gitHub_old\marmotta-3.2.1\libraries\ldclient\ldclient-provider-rdf,D:\rawData\gitHub_new\marmotta-3.3.0\libraries\ldclient\ldclient-provider-rdf
org.apache.marmotta:ldclient-provider-rdf,org.openrdf.sesame:sesame-rio-api,1,not fixed,fixed,D:\rawData\gitHub_old\marmotta-3.2.1\libraries\ldclient\ldclient-provider-rdf,D:\rawData\gitHub_new\marmotta-3.3.0\libraries\ldclient\ldclient-provider-rdf
org.apache.marmotta:ldclient-provider-rdf,commons-beanutils:commons-beanutils,2,not fixed,not fixed,D:\rawData\gitHub_old\marmotta-3.2.1\libraries\ldclient\ldclient-provider-rdf,D:\rawData\gitHub_new\marmotta-3.3.0\libraries\ldclient\ldclient-provider-rdf
org.apache.marmotta:ldclient-provider-rdf,org.apache.marmotta:ldclient-core,1,not fixed,not fixed,D:\rawData\gitHub_old\marmotta-3.2.1\libraries\ldclient\ldclient-provider-rdf,D:\rawData\gitHub_new\marmotta-3.3.0\libraries\ldclient\ldclient-provider-rdf
org.apache.marmotta:ldclient-provider-rdf,org.apache.httpcomponents:httpclient,1,not fixed,not fixed,D:\rawData\gitHub_old\marmotta-3.2.1\libraries\ldclient\ldclient-provider-rdf,D:\rawData\gitHub_new\marmotta-3.3.0\libraries\ldclient\ldclient-provider-rdf
org.apache.marmotta:ldclient-provider-rdf,com.fasterxml.jackson.core:jackson-databind,4,fixed,fixed,D:\rawData\gitHub_old\marmotta-3.2.1\libraries\ldclient\ldclient-provider-rdf,D:\rawData\gitHub_new\marmotta-3.3.0\libraries\ldclient\ldclient-provider-rdf
org.apache.marmotta:ldclient-provider-rdf,commons-codec:commons-codec,1,not fixed,not fixed,D:\rawData\gitHub_old\marmotta-3.2.1\libraries\ldclient\ldclient-provider-rdf,D:\rawData\gitHub_new\marmotta-3.3.0\libraries\ldclient\ldclient-provider-rdf
org.apache.marmotta:ldclient-provider-rdf,org.apache.httpcomponents:httpclient-cache,1,not fixed,not fixed,D:\rawData\gitHub_old\marmotta-3.2.1\libraries\ldclient\ldclient-provider-rdf,D:\rawData\gitHub_new\marmotta-3.3.0\libraries\ldclient\ldclient-provider-rdf
org.apache.metamodel:MetaModel-elasticsearch-rest,org.apache.httpcomponents:httpcore,1,not fixed,not fixed,D:\rawData\gitHub_old\metamodel-MetaModel-5.0-RC4\elasticsearch\rest,D:\rawData\gitHub_new\metamodel-MetaModel-5.1.0-RC1\elasticsearch\rest
org.apache.metamodel:MetaModel-elasticsearch-rest,org.slf4j:slf4j-api,3,fixed,fixed,D:\rawData\gitHub_old\metamodel-MetaModel-5.0-RC4\elasticsearch\rest,D:\rawData\gitHub_new\metamodel-MetaModel-5.1.0-RC1\elasticsearch\rest
org.apache.metamodel:MetaModel-elasticsearch-rest,com.google.guava:guava,4,fixed,fixed,D:\rawData\gitHub_old\metamodel-MetaModel-5.0-RC4\elasticsearch\rest,D:\rawData\gitHub_new\metamodel-MetaModel-5.1.0-RC1\elasticsearch\rest
org.apache.metamodel:MetaModel-elasticsearch-rest,org.apache.httpcomponents:httpclient,4,fixed,not fixed,D:\rawData\gitHub_old\metamodel-MetaModel-5.0-RC4\elasticsearch\rest,D:\rawData\gitHub_new\metamodel-MetaModel-5.1.0-RC1\elasticsearch\rest
org.apache.metamodel:MetaModel-elasticsearch-rest,commons-codec:commons-codec,1,not fixed,not fixed,D:\rawData\gitHub_old\metamodel-MetaModel-5.0-RC4\elasticsearch\rest,D:\rawData\gitHub_new\metamodel-MetaModel-5.1.0-RC1\elasticsearch\rest
org.apache.james:james-server-onami,com.google.guava:guava,2,not fixed,not fixed,D:\rawData\gitHub_old\james-project-james-project-3.0.0-RC1\server\container\guice\onami,D:\rawData\gitHub_new\james-project-james-project-3.0.1\server\container\guice\onami
com.mesosphere.mesos.rx.java:mesos-rxjava-recordio,io.reactivex:rxjava,1,not fixed,not fixed,D:\rawData\gitHub_old\mesos-rxjava-0.1.0\mesos-rxjava-recordio,D:\rawData\gitHub_new\mesos-rxjava-0.1.1\mesos-rxjava-recordio
com.mesosphere.mesos.rx.java:mesos-rxjava-recordio,org.slf4j:slf4j-api,1,not fixed,not fixed,D:\rawData\gitHub_old\mesos-rxjava-0.1.0\mesos-rxjava-recordio,D:\rawData\gitHub_new\mesos-rxjava-0.1.1\mesos-rxjava-recordio
com.mesosphere.mesos.rx.java:mesos-rxjava-recordio,io.netty:netty-codec-http,1,not fixed,not fixed,D:\rawData\gitHub_old\mesos-rxjava-0.1.0\mesos-rxjava-recordio,D:\rawData\gitHub_new\mesos-rxjava-0.1.1\mesos-rxjava-recordio
com.mesosphere.mesos.rx.java:mesos-rxjava-recordio,io.netty:netty-transport-native-epoll,1,not fixed,not fixed,D:\rawData\gitHub_old\mesos-rxjava-0.1.0\mesos-rxjava-recordio,D:\rawData\gitHub_new\mesos-rxjava-0.1.1\mesos-rxjava-recordio
com.mesosphere.mesos.rx.java:mesos-rxjava-recordio,io.netty:netty-handler,1,not fixed,not fixed,D:\rawData\gitHub_old\mesos-rxjava-0.1.0\mesos-rxjava-recordio,D:\rawData\gitHub_new\mesos-rxjava-0.1.1\mesos-rxjava-recordio
com.senseidb.clue:clue,junit:junit,3,fixed,fixed,D:\rawData\gitHub_old\clue-release-0.0.5,D:\rawData\gitHub_new\clue-release-0.0.2
com.senseidb.clue:clue,commons-logging:commons-logging,1,not fixed,fixed,D:\rawData\gitHub_old\clue-release-0.0.5,D:\rawData\gitHub_new\clue-release-0.0.2
com.senseidb.clue:clue,commons-codec:commons-codec,1,not fixed,fixed,D:\rawData\gitHub_old\clue-release-0.0.5,D:\rawData\gitHub_new\clue-release-0.0.2
com.senseidb.clue:clue,commons-httpclient:commons-httpclient,1,not fixed,fixed,D:\rawData\gitHub_old\clue-release-0.0.5,D:\rawData\gitHub_new\clue-release-0.0.2
org.apache.tomcat.maven:tomcat7-war-runner,org.eclipse.jdt.core.compiler:ecj,1,not fixed,not fixed,D:\rawData\gitHub_old\tomcat-maven-plugin-tomcat-maven-plugin-2.0-beta-1\tomcat7-war-runner,D:\rawData\gitHub_new\tomcat-maven-plugin-tomcat-maven-plugin-2.2\tomcat7-war-runner
org.apache.axis2:axis2-json,commons-logging:commons-logging,1,not fixed,not fixed,D:\rawData\gitHub_old\axis2-java-1.7.6\modules\json,D:\rawData\gitHub_new\axis2-java-1.7.7\modules\json
org.apache.axis2:axis2-json,commons-io:commons-io,1,not fixed,not fixed,D:\rawData\gitHub_old\axis2-java-1.7.6\modules\json,D:\rawData\gitHub_new\axis2-java-1.7.7\modules\json
org.apache.axis2:axis2-json,commons-codec:commons-codec,1,not fixed,not fixed,D:\rawData\gitHub_old\axis2-java-1.7.6\modules\json,D:\rawData\gitHub_new\axis2-java-1.7.7\modules\json
org.apache.axis2:axis2-json,org.apache.geronimo.specs:geronimo-activation_1.1_spec,1,not fixed,not fixed,D:\rawData\gitHub_old\axis2-java-1.7.6\modules\json,D:\rawData\gitHub_new\axis2-java-1.7.7\modules\json
org.apache.maven.wagon:wagon-ssh-common,org.codehaus.plexus:plexus-utils,1,not fixed,not fixed,D:\rawData\gitHub_old\maven-wagon-wagon-3.0.0\wagon-providers\wagon-ssh-common,D:\rawData\gitHub_new\maven-wagon-wagon-3.0.0\wagon-providers\wagon-ssh-common
org.apache.maven.wagon:wagon-ssh-common,junit:junit,1,not fixed,not fixed,D:\rawData\gitHub_old\maven-wagon-wagon-3.0.0\wagon-providers\wagon-ssh-common,D:\rawData\gitHub_new\maven-wagon-wagon-3.0.0\wagon-providers\wagon-ssh-common
org.apache.wink.example:ReadRSS-client,javax.xml.bind:jaxb-api,1,not fixed,not fixed,D:\rawData\gitHub_old\wink-wink-1.3.0-RC1\wink-examples\client\ReadRSS-client,D:\rawData\gitHub_new\wink-wink-1.4.0\wink-examples\client\ReadRSS-client
org.apache.tuscany.sca:tuscany-binding-http-runtime,org.codehaus.jackson:jackson-mapper-asl,3,fixed,fixed,D:\rawData\gitHub_old\tuscany-sca-2.x-2.0\modules\binding-http-runtime,D:\rawData\gitHub_new\tuscany-sca-2.x-2.0.1\modules\binding-http-runtime
org.apache.rampart:rampart-policy,commons-logging:commons-logging,1,not fixed,not fixed,D:\rawData\gitHub_old\rampart-1.6.4\modules\rampart-policy,D:\rawData\gitHub_new\rampart-1.7.1\modules\rampart-policy
org.apache.mina:mina-integration-xbean,org.apache.mina:mina-core,1,not fixed,not fixed,D:\rawData\gitHub_old\mina-2.0.16\mina-integration-xbean,D:\rawData\gitHub_new\mina-2.0.16\mina-integration-xbean
org.apache.activemq:artemis-web,commons-collections:commons-collections,4,fixed,fixed,D:\rawData\gitHub_old\activemq-artemis-2.1.0\artemis-web,D:\rawData\gitHub_new\activemq-artemis-2.4.0\artemis-web
org.apache.activemq:artemis-web,org.slf4j:slf4j-api,1,not fixed,not fixed,D:\rawData\gitHub_old\activemq-artemis-2.1.0\artemis-web,D:\rawData\gitHub_new\activemq-artemis-2.4.0\artemis-web
org.apache.activemq:artemis-web,org.apache.commons:commons-lang3,1,not fixed,not fixed,D:\rawData\gitHub_old\activemq-artemis-2.1.0\artemis-web,D:\rawData\gitHub_new\activemq-artemis-2.4.0\artemis-web
org.apache.activemq:artemis-web,commons-logging:commons-logging,3,fixed,fixed,D:\rawData\gitHub_old\activemq-artemis-2.1.0\artemis-web,D:\rawData\gitHub_new\activemq-artemis-2.4.0\artemis-web
org.apache.activemq:artemis-web,com.google.guava:guava,2,not fixed,not fixed,D:\rawData\gitHub_old\activemq-artemis-2.1.0\artemis-web,D:\rawData\gitHub_new\activemq-artemis-2.4.0\artemis-web
org.apache.activemq:artemis-web,org.jboss.logging:jboss-logging-annotations,1,not fixed,not fixed,D:\rawData\gitHub_old\activemq-artemis-2.1.0\artemis-web,D:\rawData\gitHub_new\activemq-artemis-2.4.0\artemis-web
org.apache.activemq:artemis-jms-server,commons-collections:commons-collections,4,fixed,fixed,D:\rawData\gitHub_old\activemq-artemis-2.1.0\artemis-jms-server,D:\rawData\gitHub_new\activemq-artemis-2.4.0\artemis-jms-server
org.apache.activemq:artemis-jms-server,commons-logging:commons-logging,3,fixed,fixed,D:\rawData\gitHub_old\activemq-artemis-2.1.0\artemis-jms-server,D:\rawData\gitHub_new\activemq-artemis-2.4.0\artemis-jms-server
org.apache.activemq:artemis-jms-server,org.jboss.logging:jboss-logging-annotations,1,not fixed,not fixed,D:\rawData\gitHub_old\activemq-artemis-2.1.0\artemis-jms-server,D:\rawData\gitHub_new\activemq-artemis-2.4.0\artemis-jms-server
org.apache.nifi:nifi-spring-processors,org.slf4j:slf4j-api,1,not fixed,not fixed,D:\rawData\gitHub_old\nifi-rel-nifi-1.2.0\nifi-nar-bundles\nifi-spring-bundle\nifi-spring-processors,D:\rawData\gitHub_new\nifi-rel-nifi-1.5.0\nifi-nar-bundles\nifi-spring-bundle\nifi-spring-processors
org.apache.nifi:nifi-spring-processors,org.hamcrest:hamcrest-core,1,not fixed,not fixed,D:\rawData\gitHub_old\nifi-rel-nifi-1.2.0\nifi-nar-bundles\nifi-spring-bundle\nifi-spring-processors,D:\rawData\gitHub_new\nifi-rel-nifi-1.5.0\nifi-nar-bundles\nifi-spring-bundle\nifi-spring-processors
org.apache.nifi:nifi-spring-processors,org.springframework:spring-core,1,not fixed,not fixed,D:\rawData\gitHub_old\nifi-rel-nifi-1.2.0\nifi-nar-bundles\nifi-spring-bundle\nifi-spring-processors,D:\rawData\gitHub_new\nifi-rel-nifi-1.5.0\nifi-nar-bundles\nifi-spring-bundle\nifi-spring-processors
org.apache.wink:wink-client-apache-httpclient,junit:junit,1,not fixed,not fixed,D:\rawData\gitHub_old\wink-wink-1.3.0-RC1\wink-client-apache-httpclient,D:\rawData\gitHub_new\wink-wink-1.4.0\wink-client-apache-httpclient
org.apache.wink:wink-client-apache-httpclient,javax.xml.bind:jaxb-api,1,not fixed,not fixed,D:\rawData\gitHub_old\wink-wink-1.3.0-RC1\wink-client-apache-httpclient,D:\rawData\gitHub_new\wink-wink-1.4.0\wink-client-apache-httpclient
org.apache.activemq:artemis-service-extensions,commons-collections:commons-collections,4,fixed,fixed,D:\rawData\gitHub_old\activemq-artemis-2.1.0\artemis-service-extensions,D:\rawData\gitHub_new\activemq-artemis-2.4.0\artemis-service-extensions
org.apache.activemq:artemis-service-extensions,commons-logging:commons-logging,3,fixed,fixed,D:\rawData\gitHub_old\activemq-artemis-2.1.0\artemis-service-extensions,D:\rawData\gitHub_new\activemq-artemis-2.4.0\artemis-service-extensions
org.apache.activemq:artemis-service-extensions,org.jboss.logging:jboss-logging-annotations,1,not fixed,not fixed,D:\rawData\gitHub_old\activemq-artemis-2.1.0\artemis-service-extensions,D:\rawData\gitHub_new\activemq-artemis-2.4.0\artemis-service-extensions
com.orientechnologies:orientdb-etl,com.orientechnologies:orientdb-core,1,not fixed,not fixed,D:\rawData\gitHub_old\orientdb-3.0.0RC1\etl,D:\rawData\gitHub_new\orientdb-3.0.0m2\etl
com.orientechnologies:orientdb-etl,org.hamcrest:hamcrest-core,1,not fixed,not fixed,D:\rawData\gitHub_old\orientdb-3.0.0RC1\etl,D:\rawData\gitHub_new\orientdb-3.0.0m2\etl
com.orientechnologies:orientdb-etl,org.objenesis:objenesis,1,not fixed,not fixed,D:\rawData\gitHub_old\orientdb-3.0.0RC1\etl,D:\rawData\gitHub_new\orientdb-3.0.0m2\etl
org.apache.usergrid:model,com.fasterxml.jackson.core:jackson-annotations,1,not fixed,not fixed,D:\rawData\gitHub_old\usergrid-usergrid-006\stack\corepersistence\model,D:\rawData\gitHub_new\usergrid-usergrid-2.1.0\stack\corepersistence\model
org.apache.olingo:olingo-odata2-jpa-processor-ref,org.eclipse.persistence:javax.persistence,1,not fixed,not fixed,D:\rawData\gitHub_old\olingo-odata2-2.0.8\odata2-jpa-processor\jpa-ref,D:\rawData\gitHub_new\olingo-odata2-2.0.10-RC01\odata2-jpa-processor\jpa-ref
org.eclipse.hono:hono-core,org.slf4j:slf4j-api,1,not fixed,not fixed,D:\rawData\gitHub_old\hono-0.5-M7\core,D:\rawData\gitHub_new\hono-0.5\core
org.eclipse.hono:hono-core,com.fasterxml.jackson.core:jackson-databind,1,not fixed,not fixed,D:\rawData\gitHub_old\hono-0.5-M7\core,D:\rawData\gitHub_new\hono-0.5\core
org.apache.activemq:artemis-cdi-client,commons-collections:commons-collections,4,fixed,fixed,D:\rawData\gitHub_old\activemq-artemis-2.1.0\artemis-cdi-client,D:\rawData\gitHub_new\activemq-artemis-2.4.0\artemis-cdi-client
org.apache.activemq:artemis-cdi-client,commons-logging:commons-logging,3,fixed,fixed,D:\rawData\gitHub_old\activemq-artemis-2.1.0\artemis-cdi-client,D:\rawData\gitHub_new\activemq-artemis-2.4.0\artemis-cdi-client
org.apache.activemq:artemis-cdi-client,org.jboss.logging:jboss-logging-annotations,1,not fixed,not fixed,D:\rawData\gitHub_old\activemq-artemis-2.1.0\artemis-cdi-client,D:\rawData\gitHub_new\activemq-artemis-2.4.0\artemis-cdi-client
org.apache.batchee:batchee-extras,junit:junit,2,not fixed,not fixed,D:\rawData\gitHub_old\incubator-batchee-batchee-0.2-incubating\extensions\extras,D:\rawData\gitHub_new\incubator-batchee-batchee-0.5-incubating\extensions\extras
org.apache.maven.scm:maven-scm-provider-cvstest,org.codehaus.plexus:plexus-utils,1,not fixed,not fixed,D:\rawData\gitHub_old\maven-scm-maven-scm-1.9.4\maven-scm-providers\maven-scm-providers-cvs\maven-scm-provider-cvstest,D:\rawData\gitHub_new\maven-scm-maven-scm-1.9.5\maven-scm-providers\maven-scm-providers-cvs\maven-scm-provider-cvstest
org.apache.maven.scm:maven-scm-provider-cvstest,junit:junit,1,not fixed,not fixed,D:\rawData\gitHub_old\maven-scm-maven-scm-1.9.4\maven-scm-providers\maven-scm-providers-cvs\maven-scm-provider-cvstest,D:\rawData\gitHub_new\maven-scm-maven-scm-1.9.5\maven-scm-providers\maven-scm-providers-cvs\maven-scm-provider-cvstest
org.apache.maven.wagon:wagon-http-shared,org.codehaus.plexus:plexus-utils,2,not fixed,not fixed,D:\rawData\gitHub_old\maven-wagon-wagon-3.0.0\wagon-providers\wagon-http-shared,D:\rawData\gitHub_new\maven-wagon-wagon-3.0.0\wagon-providers\wagon-http-shared
org.apache.maven.wagon:wagon-http-shared,junit:junit,1,not fixed,not fixed,D:\rawData\gitHub_old\maven-wagon-wagon-3.0.0\wagon-providers\wagon-http-shared,D:\rawData\gitHub_new\maven-wagon-wagon-3.0.0\wagon-providers\wagon-http-shared
org.apache.derbyBuild:JiraSOAP,commons-logging:commons-logging,1,not fixed,not fixed,D:\rawData\gitHub_old\derby-10.11.1.1\tools\release\jirasoap,D:\rawData\gitHub_new\derby-10.14.1.0\tools\release\jirasoap
org.apache.oodt:cas-cli,org.springframework:spring-beans,1,not fixed,not fixed,D:\rawData\gitHub_old\oodt-1.2.1\cli,D:\rawData\gitHub_new\oodt-1.2.2\cli
org.apache.oodt:cas-cli,commons-collections:commons-collections,1,not fixed,not fixed,D:\rawData\gitHub_old\oodt-1.2.1\cli,D:\rawData\gitHub_new\oodt-1.2.2\cli
org.apache.oodt:cas-cli,org.springframework:spring-context,2,not fixed,not fixed,D:\rawData\gitHub_old\oodt-1.2.1\cli,D:\rawData\gitHub_new\oodt-1.2.2\cli
org.apache.oodt:cas-cli,commons-logging:commons-logging,1,not fixed,not fixed,D:\rawData\gitHub_old\oodt-1.2.1\cli,D:\rawData\gitHub_new\oodt-1.2.2\cli
org.apache.oodt:cas-cli,org.springframework:spring-core,1,not fixed,not fixed,D:\rawData\gitHub_old\oodt-1.2.1\cli,D:\rawData\gitHub_new\oodt-1.2.2\cli
org.apache.sirona:sirona-tomee-agent,org.slf4j:slf4j-api,1,not fixed,not fixed,D:\rawData\gitHub_old\sirona-sirona-0.2-incubating\plugins\tomee\agent,D:\rawData\gitHub_new\sirona-sirona-0.5-incubating\plugins\tomee\agent
org.apache.sirona:sirona-tomee-agent,junit:junit,1,not fixed,not fixed,D:\rawData\gitHub_old\sirona-sirona-0.2-incubating\plugins\tomee\agent,D:\rawData\gitHub_new\sirona-sirona-0.5-incubating\plugins\tomee\agent
org.apache.sirona:sirona-tomee-agent,commons-pool:commons-pool,1,not fixed,not fixed,D:\rawData\gitHub_old\sirona-sirona-0.2-incubating\plugins\tomee\agent,D:\rawData\gitHub_new\sirona-sirona-0.5-incubating\plugins\tomee\agent
org.apache.sirona:sirona-tomee-agent,org.hsqldb:hsqldb,1,not fixed,not fixed,D:\rawData\gitHub_old\sirona-sirona-0.2-incubating\plugins\tomee\agent,D:\rawData\gitHub_new\sirona-sirona-0.5-incubating\plugins\tomee\agent
org.apache.sirona:sirona-tomee-agent,org.slf4j:slf4j-jdk14,1,not fixed,not fixed,D:\rawData\gitHub_old\sirona-sirona-0.2-incubating\plugins\tomee\agent,D:\rawData\gitHub_new\sirona-sirona-0.5-incubating\plugins\tomee\agent
org.jboss.ws.cxf:jbossws-cxf-jaspi,org.apache.santuario:xmlsec,1,not fixed,not fixed,D:\rawData\gitHub_old\jbossws-cxf-jbossws-cxf-5.1.8.Final\modules\jaspi,D:\rawData\gitHub_new\jbossws-cxf-jbossws-cxf-5.1.10.Final\modules\jaspi
org.apache.myfaces.extensions.scripting:extscript-cdi,junit:junit,1,not fixed,not fixed,D:\rawData\gitHub_old\myfaces-scripting-extscript-root-1.0.5\extscript-core-root\extscript-cdi,D:\rawData\gitHub_new\myfaces-scripting-extscript-root-1.0.6\extscript-core-root\extscript-cdi
org.cogroo:cogroo-ruta,org.carrot2:morfologik-fsa,1,not fixed,not fixed,D:\rawData\gitHub_old\cogroo4-cogroo-4.2.0\cogroo-ruta,D:\rawData\gitHub_new\cogroo4-cogroo-4.3.1\cogroo-ruta
org.cogroo:cogroo-ruta,commons-io:commons-io,1,not fixed,not fixed,D:\rawData\gitHub_old\cogroo4-cogroo-4.2.0\cogroo-ruta,D:\rawData\gitHub_new\cogroo4-cogroo-4.3.1\cogroo-ruta
org.cogroo:cogroo-ruta,org.apache.uima:uimaj-core,1,not fixed,not fixed,D:\rawData\gitHub_old\cogroo4-cogroo-4.2.0\cogroo-ruta,D:\rawData\gitHub_new\cogroo4-cogroo-4.3.1\cogroo-ruta
org.apache.activemq.examples.openwire:message-listener,org.slf4j:slf4j-api,1,not fixed,not fixed,D:\rawData\gitHub_old\activemq-artemis-2.1.0\examples\protocols\openwire\message-listener,D:\rawData\gitHub_new\activemq-artemis-2.4.0\examples\protocols\openwire\message-listener
org.apache.activemq.examples.openwire:message-listener,org.apache.geronimo.specs:geronimo-jms_1.1_spec,1,not fixed,not fixed,D:\rawData\gitHub_old\activemq-artemis-2.1.0\examples\protocols\openwire\message-listener,D:\rawData\gitHub_new\activemq-artemis-2.4.0\examples\protocols\openwire\message-listener
org.apache.nifi:nifi-file-authorizer,org.codehaus.jackson:jackson-mapper-asl,4,fixed,fixed,D:\rawData\gitHub_old\nifi-rel-nifi-1.2.0\nifi-nar-bundles\nifi-framework-bundle\nifi-framework\nifi-file-authorizer,D:\rawData\gitHub_new\nifi-rel-nifi-1.5.0\nifi-nar-bundles\nifi-framework-bundle\nifi-framework\nifi-file-authorizer
org.apache.nifi:nifi-file-authorizer,org.apache.httpcomponents:httpcore,1,not fixed,not fixed,D:\rawData\gitHub_old\nifi-rel-nifi-1.2.0\nifi-nar-bundles\nifi-framework-bundle\nifi-framework\nifi-file-authorizer,D:\rawData\gitHub_new\nifi-rel-nifi-1.5.0\nifi-nar-bundles\nifi-framework-bundle\nifi-framework\nifi-file-authorizer
org.apache.nifi:nifi-file-authorizer,org.slf4j:slf4j-api,1,not fixed,not fixed,D:\rawData\gitHub_old\nifi-rel-nifi-1.2.0\nifi-nar-bundles\nifi-framework-bundle\nifi-framework\nifi-file-authorizer,D:\rawData\gitHub_new\nifi-rel-nifi-1.5.0\nifi-nar-bundles\nifi-framework-bundle\nifi-framework\nifi-file-authorizer
org.apache.nifi:nifi-file-authorizer,junit:junit,1,not fixed,not fixed,D:\rawData\gitHub_old\nifi-rel-nifi-1.2.0\nifi-nar-bundles\nifi-framework-bundle\nifi-framework\nifi-file-authorizer,D:\rawData\gitHub_new\nifi-rel-nifi-1.5.0\nifi-nar-bundles\nifi-framework-bundle\nifi-framework\nifi-file-authorizer
org.apache.nifi:nifi-file-authorizer,org.hamcrest:hamcrest-core,1,not fixed,not fixed,D:\rawData\gitHub_old\nifi-rel-nifi-1.2.0\nifi-nar-bundles\nifi-framework-bundle\nifi-framework\nifi-file-authorizer,D:\rawData\gitHub_new\nifi-rel-nifi-1.5.0\nifi-nar-bundles\nifi-framework-bundle\nifi-framework\nifi-file-authorizer
org.apache.nifi:nifi-file-authorizer,com.google.guava:guava,2,not fixed,not fixed,D:\rawData\gitHub_old\nifi-rel-nifi-1.2.0\nifi-nar-bundles\nifi-framework-bundle\nifi-framework\nifi-file-authorizer,D:\rawData\gitHub_new\nifi-rel-nifi-1.5.0\nifi-nar-bundles\nifi-framework-bundle\nifi-framework\nifi-file-authorizer
org.apache.nifi:nifi-file-authorizer,org.apache.httpcomponents:httpclient,1,not fixed,not fixed,D:\rawData\gitHub_old\nifi-rel-nifi-1.2.0\nifi-nar-bundles\nifi-framework-bundle\nifi-framework\nifi-file-authorizer,D:\rawData\gitHub_new\nifi-rel-nifi-1.5.0\nifi-nar-bundles\nifi-framework-bundle\nifi-framework\nifi-file-authorizer
org.apache.nifi:nifi-file-authorizer,commons-codec:commons-codec,1,not fixed,not fixed,D:\rawData\gitHub_old\nifi-rel-nifi-1.2.0\nifi-nar-bundles\nifi-framework-bundle\nifi-framework\nifi-file-authorizer,D:\rawData\gitHub_new\nifi-rel-nifi-1.5.0\nifi-nar-bundles\nifi-framework-bundle\nifi-framework\nifi-file-authorizer
org.apache.nifi:nifi-file-authorizer,org.slf4j:slf4j-log4j12,1,not fixed,not fixed,D:\rawData\gitHub_old\nifi-rel-nifi-1.2.0\nifi-nar-bundles\nifi-framework-bundle\nifi-framework\nifi-file-authorizer,D:\rawData\gitHub_new\nifi-rel-nifi-1.5.0\nifi-nar-bundles\nifi-framework-bundle\nifi-framework\nifi-file-authorizer
org.apache.nifi:nifi-file-authorizer,org.codehaus.jackson:jackson-core-asl,3,fixed,fixed,D:\rawData\gitHub_old\nifi-rel-nifi-1.2.0\nifi-nar-bundles\nifi-framework-bundle\nifi-framework\nifi-file-authorizer,D:\rawData\gitHub_new\nifi-rel-nifi-1.5.0\nifi-nar-bundles\nifi-framework-bundle\nifi-framework\nifi-file-authorizer
org.apache.nifi:nifi-file-authorizer,log4j:log4j,1,not fixed,not fixed,D:\rawData\gitHub_old\nifi-rel-nifi-1.2.0\nifi-nar-bundles\nifi-framework-bundle\nifi-framework\nifi-file-authorizer,D:\rawData\gitHub_new\nifi-rel-nifi-1.5.0\nifi-nar-bundles\nifi-framework-bundle\nifi-framework\nifi-file-authorizer
org.apache.struts.xwork:xwork-core,junit:junit,1,not fixed,not fixed,D:\rawData\gitHub_old\struts2-STRUTS_2_2_1_1\xwork-core,D:\rawData\gitHub_new\struts2-STRUTS_2_2_3\xwork-core
org.apache.activemq:artemis-commons,commons-collections:commons-collections,4,fixed,fixed,D:\rawData\gitHub_old\activemq-artemis-2.1.0\artemis-commons,D:\rawData\gitHub_new\activemq-artemis-2.4.0\artemis-commons
org.apache.activemq:artemis-commons,commons-logging:commons-logging,3,fixed,fixed,D:\rawData\gitHub_old\activemq-artemis-2.1.0\artemis-commons,D:\rawData\gitHub_new\activemq-artemis-2.4.0\artemis-commons
org.apache.activemq:artemis-commons,org.jboss.logging:jboss-logging-annotations,1,not fixed,not fixed,D:\rawData\gitHub_old\activemq-artemis-2.1.0\artemis-commons,D:\rawData\gitHub_new\activemq-artemis-2.4.0\artemis-commons
org.apache.maven.mercury:mercury-repo-remote-m2,org.codehaus.plexus:plexus-utils,1,not fixed,not fixed,D:\rawData\gitHub_old\maven-mercury-mercury-1.0.0-alpha-2\mercury-repo\mercury-repo-remote-m2,D:\rawData\gitHub_new\maven-mercury-mercury-1.0-alpha-6\mercury-repo\mercury-repo-remote-m2
org.apache.maven.mercury:mercury-repo-remote-m2,junit:junit,1,not fixed,not fixed,D:\rawData\gitHub_old\maven-mercury-mercury-1.0.0-alpha-2\mercury-repo\mercury-repo-remote-m2,D:\rawData\gitHub_new\maven-mercury-mercury-1.0-alpha-6\mercury-repo\mercury-repo-remote-m2
org.skywalking:apm-collector-core,junit:junit,1,not fixed,not fixed,D:\rawData\gitHub_old\apacheproj-3.2.3\apm-collector\apm-collector-core,D:\rawData\gitHub_new\apacheproj-3.2.6\apm-collector\apm-collector-core
org.skywalking:apm-collector-core,org.hamcrest:hamcrest-core,1,not fixed,not fixed,D:\rawData\gitHub_old\apacheproj-3.2.3\apm-collector\apm-collector-core,D:\rawData\gitHub_new\apacheproj-3.2.6\apm-collector\apm-collector-core
org.apache.myfaces.extensions.cdi.modules:myfaces-extcdi-jsf12-module-impl,junit:junit,1,not fixed,not fixed,D:\rawData\gitHub_old\myfaces-extcdi-extcdi-1.0.5\jee-modules\jsf-module\impl,D:\rawData\gitHub_new\myfaces-extcdi-extcdi-1.0.6\jee-modules\jsf-module\impl
org.apache.activemq:artemis-junit,commons-collections:commons-collections,4,fixed,fixed,D:\rawData\gitHub_old\activemq-artemis-2.1.0\artemis-junit,D:\rawData\gitHub_new\activemq-artemis-2.4.0\artemis-junit
org.apache.activemq:artemis-junit,commons-logging:commons-logging,3,fixed,fixed,D:\rawData\gitHub_old\activemq-artemis-2.1.0\artemis-junit,D:\rawData\gitHub_new\activemq-artemis-2.4.0\artemis-junit
org.apache.maven.scm:maven-scm-provider-hg,org.codehaus.plexus:plexus-utils,1,not fixed,not fixed,D:\rawData\gitHub_old\maven-scm-maven-scm-1.9.4\maven-scm-providers\maven-scm-provider-hg,D:\rawData\gitHub_new\maven-scm-maven-scm-1.9.5\maven-scm-providers\maven-scm-provider-hg
org.apache.maven.scm:maven-scm-provider-hg,junit:junit,1,not fixed,not fixed,D:\rawData\gitHub_old\maven-scm-maven-scm-1.9.4\maven-scm-providers\maven-scm-provider-hg,D:\rawData\gitHub_new\maven-scm-maven-scm-1.9.5\maven-scm-providers\maven-scm-provider-hg
org.apache.sirona:sirona-cube,org.apache.httpcomponents:httpclient,1,not fixed,not fixed,D:\rawData\gitHub_old\sirona-sirona-0.2-incubating\agent\store\cube,D:\rawData\gitHub_new\sirona-sirona-0.5-incubating\agent\store\cube
org.apache.sirona:sirona-cube,commons-codec:commons-codec,1,not fixed,not fixed,D:\rawData\gitHub_old\sirona-sirona-0.2-incubating\agent\store\cube,D:\rawData\gitHub_new\sirona-sirona-0.5-incubating\agent\store\cube
com.orientechnologies:orientdb-lucene,com.orientechnologies:orientdb-core,1,not fixed,not fixed,D:\rawData\gitHub_old\orientdb-3.0.0RC1\lucene,D:\rawData\gitHub_new\orientdb-3.0.0m2\lucene
com.orientechnologies:orientdb-lucene,org.hamcrest:hamcrest-core,1,not fixed,not fixed,D:\rawData\gitHub_old\orientdb-3.0.0RC1\lucene,D:\rawData\gitHub_new\orientdb-3.0.0m2\lucene
com.orientechnologies:orientdb-lucene,org.objenesis:objenesis,1,not fixed,not fixed,D:\rawData\gitHub_old\orientdb-3.0.0RC1\lucene,D:\rawData\gitHub_new\orientdb-3.0.0m2\lucene
org.apache.logging.log4j:log4j-taglib,commons-logging:commons-logging,1,not fixed,not fixed,D:\rawData\gitHub_old\logging-log4j2-log4j-2.9.0\log4j-taglib,D:\rawData\gitHub_new\logging-log4j2-log4j-2.10.0\log4j-taglib
org.apache.logging.log4j:log4j-taglib,org.apache.logging.log4j:log4j-core,1,not fixed,not fixed,D:\rawData\gitHub_old\logging-log4j2-log4j-2.9.0\log4j-taglib,D:\rawData\gitHub_new\logging-log4j2-log4j-2.10.0\log4j-taglib
org.apache.meecrowave:meecrowave-jpa,org.apache.xbean:xbean-asm5-shaded,4,fixed,fixed,D:\rawData\gitHub_old\meecrowave-meecrowave-0.3.1\meecrowave-jpa,D:\rawData\gitHub_new\meecrowave-meecrowave-1.2.0\trunk\meecrowave-jpa
org.apache.meecrowave:meecrowave-jpa,junit:junit,1,not fixed,not fixed,D:\rawData\gitHub_old\meecrowave-meecrowave-0.3.1\meecrowave-jpa,D:\rawData\gitHub_new\meecrowave-meecrowave-1.2.0\trunk\meecrowave-jpa
org.apache.james:james-server-guice-lmtp,org.slf4j:slf4j-api,1,not fixed,not fixed,D:\rawData\gitHub_old\james-project-james-project-3.0.0-RC1\server\container\guice\protocols\lmtp,D:\rawData\gitHub_new\james-project-james-project-3.0.1\server\container\guice\protocols\lmtp
org.apache.james:james-server-guice-lmtp,com.google.guava:guava,2,not fixed,not fixed,D:\rawData\gitHub_old\james-project-james-project-3.0.0-RC1\server\container\guice\protocols\lmtp,D:\rawData\gitHub_new\james-project-james-project-3.0.1\server\container\guice\protocols\lmtp
org.apache.nifi.minifi:minifi-toolkit-configuration,org.codehaus.jackson:jackson-mapper-asl,4,fixed,fixed,D:\rawData\gitHub_old\nifi-minifi-rel-minifi-0.1.0\minifi-toolkit\minifi-toolkit-configuration,D:\rawData\gitHub_new\nifi-minifi-rel-minifi-0.4.0\minifi-toolkit\minifi-toolkit-configuration
org.apache.nifi.minifi:minifi-toolkit-configuration,org.apache.httpcomponents:httpcore,1,not fixed,not fixed,D:\rawData\gitHub_old\nifi-minifi-rel-minifi-0.1.0\minifi-toolkit\minifi-toolkit-configuration,D:\rawData\gitHub_new\nifi-minifi-rel-minifi-0.4.0\minifi-toolkit\minifi-toolkit-configuration
org.apache.nifi.minifi:minifi-toolkit-configuration,ch.qos.logback:logback-classic,1,not fixed,fixed,D:\rawData\gitHub_old\nifi-minifi-rel-minifi-0.1.0\minifi-toolkit\minifi-toolkit-configuration,D:\rawData\gitHub_new\nifi-minifi-rel-minifi-0.4.0\minifi-toolkit\minifi-toolkit-configuration
org.apache.nifi.minifi:minifi-toolkit-configuration,org.bouncycastle:bcprov-jdk15on,2,not fixed,fixed,D:\rawData\gitHub_old\nifi-minifi-rel-minifi-0.1.0\minifi-toolkit\minifi-toolkit-configuration,D:\rawData\gitHub_new\nifi-minifi-rel-minifi-0.4.0\minifi-toolkit\minifi-toolkit-configuration
org.apache.nifi.minifi:minifi-toolkit-configuration,junit:junit,1,not fixed,not fixed,D:\rawData\gitHub_old\nifi-minifi-rel-minifi-0.1.0\minifi-toolkit\minifi-toolkit-configuration,D:\rawData\gitHub_new\nifi-minifi-rel-minifi-0.4.0\minifi-toolkit\minifi-toolkit-configuration
org.apache.nifi.minifi:minifi-toolkit-configuration,org.apache.httpcomponents:httpclient,1,not fixed,not fixed,D:\rawData\gitHub_old\nifi-minifi-rel-minifi-0.1.0\minifi-toolkit\minifi-toolkit-configuration,D:\rawData\gitHub_new\nifi-minifi-rel-minifi-0.4.0\minifi-toolkit\minifi-toolkit-configuration
org.apache.nifi.minifi:minifi-toolkit-configuration,org.apache.httpcomponents:httpcore-nio,1,not fixed,not fixed,D:\rawData\gitHub_old\nifi-minifi-rel-minifi-0.1.0\minifi-toolkit\minifi-toolkit-configuration,D:\rawData\gitHub_new\nifi-minifi-rel-minifi-0.4.0\minifi-toolkit\minifi-toolkit-configuration
org.apache.nifi.minifi:minifi-toolkit-configuration,commons-codec:commons-codec,1,not fixed,not fixed,D:\rawData\gitHub_old\nifi-minifi-rel-minifi-0.1.0\minifi-toolkit\minifi-toolkit-configuration,D:\rawData\gitHub_new\nifi-minifi-rel-minifi-0.4.0\minifi-toolkit\minifi-toolkit-configuration
org.apache.nifi.minifi:minifi-toolkit-configuration,org.codehaus.jackson:jackson-core-asl,3,fixed,fixed,D:\rawData\gitHub_old\nifi-minifi-rel-minifi-0.1.0\minifi-toolkit\minifi-toolkit-configuration,D:\rawData\gitHub_new\nifi-minifi-rel-minifi-0.4.0\minifi-toolkit\minifi-toolkit-configuration
org.apache.nifi.minifi:minifi-toolkit-configuration,log4j:log4j,1,not fixed,not fixed,D:\rawData\gitHub_old\nifi-minifi-rel-minifi-0.1.0\minifi-toolkit\minifi-toolkit-configuration,D:\rawData\gitHub_new\nifi-minifi-rel-minifi-0.4.0\minifi-toolkit\minifi-toolkit-configuration
org.apache.nifi.minifi:minifi-toolkit-configuration,org.slf4j:slf4j-api,1,not fixed,not fixed,D:\rawData\gitHub_old\nifi-minifi-rel-minifi-0.1.0\minifi-toolkit\minifi-toolkit-configuration,D:\rawData\gitHub_new\nifi-minifi-rel-minifi-0.4.0\minifi-toolkit\minifi-toolkit-configuration
org.apache.nifi.minifi:minifi-toolkit-configuration,com.google.guava:guava,2,not fixed,not fixed,D:\rawData\gitHub_old\nifi-minifi-rel-minifi-0.1.0\minifi-toolkit\minifi-toolkit-configuration,D:\rawData\gitHub_new\nifi-minifi-rel-minifi-0.4.0\minifi-toolkit\minifi-toolkit-configuration
org.apache.nifi.minifi:minifi-toolkit-configuration,org.bouncycastle:bcpkix-jdk15on,3,fixed,fixed,D:\rawData\gitHub_old\nifi-minifi-rel-minifi-0.1.0\minifi-toolkit\minifi-toolkit-configuration,D:\rawData\gitHub_new\nifi-minifi-rel-minifi-0.4.0\minifi-toolkit\minifi-toolkit-configuration
org.apache.nifi.minifi:minifi-toolkit-configuration,org.apache.httpcomponents:httpasyncclient,1,not fixed,not fixed,D:\rawData\gitHub_old\nifi-minifi-rel-minifi-0.1.0\minifi-toolkit\minifi-toolkit-configuration,D:\rawData\gitHub_new\nifi-minifi-rel-minifi-0.4.0\minifi-toolkit\minifi-toolkit-configuration
org.apache.nifi.minifi:minifi-toolkit-configuration,org.slf4j:slf4j-log4j12,1,not fixed,not fixed,D:\rawData\gitHub_old\nifi-minifi-rel-minifi-0.1.0\minifi-toolkit\minifi-toolkit-configuration,D:\rawData\gitHub_new\nifi-minifi-rel-minifi-0.4.0\minifi-toolkit\minifi-toolkit-configuration
org.apache.wink:wink-client-asynchttpclient,junit:junit,1,not fixed,not fixed,D:\rawData\gitHub_old\wink-wink-1.3.0-RC1\wink-client-asynchttpclient,D:\rawData\gitHub_new\wink-wink-1.4.0\wink-client-asynchttpclient
org.apache.wink:wink-client-asynchttpclient,javax.xml.bind:jaxb-api,1,not fixed,not fixed,D:\rawData\gitHub_old\wink-wink-1.3.0-RC1\wink-client-asynchttpclient,D:\rawData\gitHub_new\wink-wink-1.4.0\wink-client-asynchttpclient
org.apache.logging.log4j:log4j-jul,org.apache.logging.log4j:log4j-core,1,not fixed,not fixed,D:\rawData\gitHub_old\logging-log4j2-log4j-2.9.0\log4j-jul,D:\rawData\gitHub_new\logging-log4j2-log4j-2.10.0\log4j-jul
org.apache.activemq.examples.openwire:queue-openwire,org.slf4j:slf4j-api,1,not fixed,not fixed,D:\rawData\gitHub_old\activemq-artemis-2.1.0\examples\protocols\openwire\queue,D:\rawData\gitHub_new\activemq-artemis-2.4.0\examples\protocols\openwire\queue
org.apache.activemq.examples.openwire:queue-openwire,org.apache.geronimo.specs:geronimo-jms_1.1_spec,1,not fixed,not fixed,D:\rawData\gitHub_old\activemq-artemis-2.1.0\examples\protocols\openwire\queue,D:\rawData\gitHub_new\activemq-artemis-2.4.0\examples\protocols\openwire\queue
org.apache.nifi:nifi-volatile-provenance-repository,org.hamcrest:hamcrest-core,1,not fixed,not fixed,D:\rawData\gitHub_old\nifi-rel-nifi-1.2.0\nifi-nar-bundles\nifi-provenance-repository-bundle\nifi-volatile-provenance-repository,D:\rawData\gitHub_new\nifi-rel-nifi-1.5.0\nifi-nar-bundles\nifi-provenance-repository-bundle\nifi-volatile-provenance-repository
org.apache.activemq:artemis-core-client,commons-collections:commons-collections,4,fixed,fixed,D:\rawData\gitHub_old\activemq-artemis-2.1.0\artemis-core-client,D:\rawData\gitHub_new\activemq-artemis-2.4.0\artemis-core-client
org.apache.activemq:artemis-core-client,commons-logging:commons-logging,3,fixed,fixed,D:\rawData\gitHub_old\activemq-artemis-2.1.0\artemis-core-client,D:\rawData\gitHub_new\activemq-artemis-2.4.0\artemis-core-client
org.apache.activemq:artemis-core-client,org.jboss.logging:jboss-logging-annotations,1,not fixed,not fixed,D:\rawData\gitHub_old\activemq-artemis-2.1.0\artemis-core-client,D:\rawData\gitHub_new\activemq-artemis-2.4.0\artemis-core-client
com.facebook.presto.hadoop:hadoop-apache1,commons-codec:commons-codec,1,not fixed,not fixed,D:\rawData\gitHub_old\presto-hadoop-apache1-0.2,D:\rawData\gitHub_new\presto-hadoop-apache1-1.2.1-1
com.facebook.presto.hadoop:hadoop-apache1,commons-httpclient:commons-httpclient,1,not fixed,not fixed,D:\rawData\gitHub_old\presto-hadoop-apache1-0.2,D:\rawData\gitHub_new\presto-hadoop-apache1-1.2.1-1
org.apache.nifi:nifi-ssl-context-service,org.slf4j:slf4j-api,1,not fixed,not fixed,D:\rawData\gitHub_old\nifi-rel-nifi-1.2.0\nifi-nar-bundles\nifi-standard-services\nifi-ssl-context-bundle\nifi-ssl-context-service,D:\rawData\gitHub_new\nifi-rel-nifi-1.5.0\nifi-nar-bundles\nifi-standard-services\nifi-ssl-context-bundle\nifi-ssl-context-service
org.apache.nifi:nifi-ssl-context-service,org.hamcrest:hamcrest-core,1,not fixed,not fixed,D:\rawData\gitHub_old\nifi-rel-nifi-1.2.0\nifi-nar-bundles\nifi-standard-services\nifi-ssl-context-bundle\nifi-ssl-context-service,D:\rawData\gitHub_new\nifi-rel-nifi-1.5.0\nifi-nar-bundles\nifi-standard-services\nifi-ssl-context-bundle\nifi-ssl-context-service
org.sculptorgenerator:sculptor-framework-test,org.slf4j:slf4j-api,1,not fixed,not fixed,D:\rawData\gitHub_old\sculptor-3.0.4\sculptor-framework\sculptor-framework-test,D:\rawData\gitHub_new\sculptor-3.1.0\sculptor-framework\sculptor-framework-test
org.sculptorgenerator:sculptor-framework-test,junit:junit,1,not fixed,not fixed,D:\rawData\gitHub_old\sculptor-3.0.4\sculptor-framework\sculptor-framework-test,D:\rawData\gitHub_new\sculptor-3.1.0\sculptor-framework\sculptor-framework-test
com.orientechnologies:orientdb-core,org.hamcrest:hamcrest-core,1,not fixed,not fixed,D:\rawData\gitHub_old\orientdb-3.0.0RC1\core,D:\rawData\gitHub_new\orientdb-3.0.0m2\core
com.orientechnologies:orientdb-core,org.objenesis:objenesis,1,not fixed,not fixed,D:\rawData\gitHub_old\orientdb-3.0.0RC1\core,D:\rawData\gitHub_new\orientdb-3.0.0m2\core
org.apache.wink:wink-json-provider,javax.xml.bind:jaxb-api,1,not fixed,not fixed,D:\rawData\gitHub_old\wink-wink-1.3.0-RC1\wink-providers\wink-json-provider,D:\rawData\gitHub_new\wink-wink-1.4.0\wink-providers\wink-json-provider
org.apache.james:apache-james-mpt-antlib,org.apache.james:apache-james-mpt-core,1,not fixed,not fixed,D:\rawData\gitHub_old\james-project-james-project-3.0.0-RC1\mpt\antlib,D:\rawData\gitHub_new\james-project-james-project-3.0.1\mpt\antlib
org.apache.james:apache-james-mpt-antlib,org.slf4j:slf4j-api,1,not fixed,not fixed,D:\rawData\gitHub_old\james-project-james-project-3.0.0-RC1\mpt\antlib,D:\rawData\gitHub_new\james-project-james-project-3.0.1\mpt\antlib
org.apache.james:apache-james-mpt-antlib,junit:junit,1,not fixed,not fixed,D:\rawData\gitHub_old\james-project-james-project-3.0.0-RC1\mpt\antlib,D:\rawData\gitHub_new\james-project-james-project-3.0.1\mpt\antlib
org.apache.james:apache-james-mpt-antlib,org.apache.james.protocols:protocols-imap,1,not fixed,not fixed,D:\rawData\gitHub_old\james-project-james-project-3.0.0-RC1\mpt\antlib,D:\rawData\gitHub_new\james-project-james-project-3.0.1\mpt\antlib
org.apache.james:apache-james-mpt-antlib,commons-logging:commons-logging,1,not fixed,not fixed,D:\rawData\gitHub_old\james-project-james-project-3.0.0-RC1\mpt\antlib,D:\rawData\gitHub_new\james-project-james-project-3.0.1\mpt\antlib
org.apache.activemq:artemis-journal,commons-collections:commons-collections,4,fixed,fixed,D:\rawData\gitHub_old\activemq-artemis-2.1.0\artemis-journal,D:\rawData\gitHub_new\activemq-artemis-2.4.0\artemis-journal
org.apache.activemq:artemis-journal,commons-logging:commons-logging,3,fixed,fixed,D:\rawData\gitHub_old\activemq-artemis-2.1.0\artemis-journal,D:\rawData\gitHub_new\activemq-artemis-2.4.0\artemis-journal
org.apache.activemq:artemis-journal,org.jboss.logging:jboss-logging-annotations,1,not fixed,not fixed,D:\rawData\gitHub_old\activemq-artemis-2.1.0\artemis-journal,D:\rawData\gitHub_new\activemq-artemis-2.4.0\artemis-journal
com.orientechnologies:orientdb-client,com.orientechnologies:orientdb-core,1,not fixed,not fixed,D:\rawData\gitHub_old\orientdb-3.0.0RC1\client,D:\rawData\gitHub_new\orientdb-3.0.0m2\client
com.orientechnologies:orientdb-client,org.hamcrest:hamcrest-core,1,not fixed,not fixed,D:\rawData\gitHub_old\orientdb-3.0.0RC1\client,D:\rawData\gitHub_new\orientdb-3.0.0m2\client
com.orientechnologies:orientdb-client,org.objenesis:objenesis,1,not fixed,not fixed,D:\rawData\gitHub_old\orientdb-3.0.0RC1\client,D:\rawData\gitHub_new\orientdb-3.0.0m2\client
com.mesosphere.mesos.rx.java.example:mesos-rxjava-example-framework,io.reactivex:rxjava,1,not fixed,not fixed,D:\rawData\gitHub_old\mesos-rxjava-0.1.0\mesos-rxjava-example\mesos-rxjava-example-framework,D:\rawData\gitHub_new\mesos-rxjava-0.1.1\mesos-rxjava-example\mesos-rxjava-example-framework
com.mesosphere.mesos.rx.java.example:mesos-rxjava-example-framework,org.slf4j:slf4j-api,1,not fixed,not fixed,D:\rawData\gitHub_old\mesos-rxjava-0.1.0\mesos-rxjava-example\mesos-rxjava-example-framework,D:\rawData\gitHub_new\mesos-rxjava-0.1.1\mesos-rxjava-example\mesos-rxjava-example-framework
com.mesosphere.mesos.rx.java.example:mesos-rxjava-example-framework,io.netty:netty-codec-http,1,not fixed,not fixed,D:\rawData\gitHub_old\mesos-rxjava-0.1.0\mesos-rxjava-example\mesos-rxjava-example-framework,D:\rawData\gitHub_new\mesos-rxjava-0.1.1\mesos-rxjava-example\mesos-rxjava-example-framework
com.mesosphere.mesos.rx.java.example:mesos-rxjava-example-framework,io.netty:netty-transport-native-epoll,1,not fixed,not fixed,D:\rawData\gitHub_old\mesos-rxjava-0.1.0\mesos-rxjava-example\mesos-rxjava-example-framework,D:\rawData\gitHub_new\mesos-rxjava-0.1.1\mesos-rxjava-example\mesos-rxjava-example-framework
com.mesosphere.mesos.rx.java.example:mesos-rxjava-example-framework,io.netty:netty-handler,1,not fixed,not fixed,D:\rawData\gitHub_old\mesos-rxjava-0.1.0\mesos-rxjava-example\mesos-rxjava-example-framework,D:\rawData\gitHub_new\mesos-rxjava-0.1.1\mesos-rxjava-example\mesos-rxjava-example-framework
org.apache.tuscany.sca:tuscany-binding-rest-runtime,org.codehaus.jackson:jackson-mapper-asl,3,fixed,fixed,D:\rawData\gitHub_old\tuscany-sca-2.x-2.0\modules\binding-rest-runtime,D:\rawData\gitHub_new\tuscany-sca-2.x-2.0.1\modules\binding-rest-runtime
org.apache.tuscany.sca:tuscany-binding-rest-runtime,javax.servlet:servlet-api,1,not fixed,not fixed,D:\rawData\gitHub_old\tuscany-sca-2.x-2.0\modules\binding-rest-runtime,D:\rawData\gitHub_new\tuscany-sca-2.x-2.0.1\modules\binding-rest-runtime
org.apache.james:apache-james-mpt-app,org.apache.james:apache-james-mpt-core,1,not fixed,not fixed,D:\rawData\gitHub_old\james-project-james-project-3.0.0-RC1\mpt\app,D:\rawData\gitHub_new\james-project-james-project-3.0.1\mpt\app
org.apache.james:apache-james-mpt-app,org.slf4j:slf4j-api,1,not fixed,not fixed,D:\rawData\gitHub_old\james-project-james-project-3.0.0-RC1\mpt\app,D:\rawData\gitHub_new\james-project-james-project-3.0.1\mpt\app
org.apache.james:apache-james-mpt-app,junit:junit,1,not fixed,not fixed,D:\rawData\gitHub_old\james-project-james-project-3.0.0-RC1\mpt\app,D:\rawData\gitHub_new\james-project-james-project-3.0.1\mpt\app
org.apache.james:apache-james-mpt-app,org.apache.james.protocols:protocols-imap,1,not fixed,not fixed,D:\rawData\gitHub_old\james-project-james-project-3.0.0-RC1\mpt\app,D:\rawData\gitHub_new\james-project-james-project-3.0.1\mpt\app
org.apache.james:apache-james-mpt-app,commons-logging:commons-logging,1,not fixed,not fixed,D:\rawData\gitHub_old\james-project-james-project-3.0.0-RC1\mpt\app,D:\rawData\gitHub_new\james-project-james-project-3.0.1\mpt\app
org.apache.maven.mercury:mercury-crypto-basic,org.codehaus.plexus:plexus-utils,1,not fixed,not fixed,D:\rawData\gitHub_old\maven-mercury-mercury-1.0.0-alpha-2\mercury-crypto\mercury-crypto-basic,D:\rawData\gitHub_new\maven-mercury-mercury-1.0-alpha-6\mercury-crypto\mercury-crypto-basic
org.apache.maven.mercury:mercury-crypto-basic,junit:junit,1,not fixed,not fixed,D:\rawData\gitHub_old\maven-mercury-mercury-1.0.0-alpha-2\mercury-crypto\mercury-crypto-basic,D:\rawData\gitHub_new\maven-mercury-mercury-1.0-alpha-6\mercury-crypto\mercury-crypto-basic
org.apache.nifi:nifi-azure-processors,com.fasterxml.jackson.core:jackson-core,4,fixed,fixed,D:\rawData\gitHub_old\nifi-rel-nifi-1.2.0\nifi-nar-bundles\nifi-azure-bundle\nifi-azure-processors,D:\rawData\gitHub_new\nifi-rel-nifi-1.5.0\nifi-nar-bundles\nifi-azure-bundle\nifi-azure-processors
org.apache.nifi:nifi-azure-processors,org.slf4j:slf4j-api,1,not fixed,not fixed,D:\rawData\gitHub_old\nifi-rel-nifi-1.2.0\nifi-nar-bundles\nifi-azure-bundle\nifi-azure-processors,D:\rawData\gitHub_new\nifi-rel-nifi-1.5.0\nifi-nar-bundles\nifi-azure-bundle\nifi-azure-processors
org.apache.nifi:nifi-azure-processors,org.apache.commons:commons-lang3,1,not fixed,not fixed,D:\rawData\gitHub_old\nifi-rel-nifi-1.2.0\nifi-nar-bundles\nifi-azure-bundle\nifi-azure-processors,D:\rawData\gitHub_new\nifi-rel-nifi-1.5.0\nifi-nar-bundles\nifi-azure-bundle\nifi-azure-processors
org.apache.nifi:nifi-azure-processors,org.hamcrest:hamcrest-core,1,not fixed,not fixed,D:\rawData\gitHub_old\nifi-rel-nifi-1.2.0\nifi-nar-bundles\nifi-azure-bundle\nifi-azure-processors,D:\rawData\gitHub_new\nifi-rel-nifi-1.5.0\nifi-nar-bundles\nifi-azure-bundle\nifi-azure-processors
org.apache.marmotta:ldcache-backend-infinispan,com.fasterxml.jackson.core:jackson-core,4,fixed,not fixed,D:\rawData\gitHub_old\marmotta-3.2.1\libraries\ldcache\ldcache-backend-infinispan,D:\rawData\gitHub_new\marmotta-3.3.0\libraries\ldcache\ldcache-backend-infinispan
org.apache.marmotta:ldcache-backend-infinispan,org.jboss.logging:jboss-logging,1,not fixed,not fixed,D:\rawData\gitHub_old\marmotta-3.2.1\libraries\ldcache\ldcache-backend-infinispan,D:\rawData\gitHub_new\marmotta-3.3.0\libraries\ldcache\ldcache-backend-infinispan
org.apache.marmotta:ldcache-backend-infinispan,org.apache.marmotta:ldcache-core,1,not fixed,not fixed,D:\rawData\gitHub_old\marmotta-3.2.1\libraries\ldcache\ldcache-backend-infinispan,D:\rawData\gitHub_new\marmotta-3.3.0\libraries\ldcache\ldcache-backend-infinispan
org.apache.marmotta:ldcache-backend-infinispan,org.apache.httpcomponents:httpclient,1,not fixed,not fixed,D:\rawData\gitHub_old\marmotta-3.2.1\libraries\ldcache\ldcache-backend-infinispan,D:\rawData\gitHub_new\marmotta-3.3.0\libraries\ldcache\ldcache-backend-infinispan
org.apache.marmotta:ldcache-backend-infinispan,com.fasterxml.jackson.core:jackson-databind,4,fixed,fixed,D:\rawData\gitHub_old\marmotta-3.2.1\libraries\ldcache\ldcache-backend-infinispan,D:\rawData\gitHub_new\marmotta-3.3.0\libraries\ldcache\ldcache-backend-infinispan
org.apache.marmotta:ldcache-backend-infinispan,commons-codec:commons-codec,1,not fixed,not fixed,D:\rawData\gitHub_old\marmotta-3.2.1\libraries\ldcache\ldcache-backend-infinispan,D:\rawData\gitHub_new\marmotta-3.3.0\libraries\ldcache\ldcache-backend-infinispan
org.apache.marmotta:ldcache-backend-infinispan,org.slf4j:slf4j-api,1,not fixed,not fixed,D:\rawData\gitHub_old\marmotta-3.2.1\libraries\ldcache\ldcache-backend-infinispan,D:\rawData\gitHub_new\marmotta-3.3.0\libraries\ldcache\ldcache-backend-infinispan
org.apache.marmotta:ldcache-backend-infinispan,org.openrdf.sesame:sesame-model,3,fixed,fixed,D:\rawData\gitHub_old\marmotta-3.2.1\libraries\ldcache\ldcache-backend-infinispan,D:\rawData\gitHub_new\marmotta-3.3.0\libraries\ldcache\ldcache-backend-infinispan
org.apache.marmotta:ldcache-backend-infinispan,org.openrdf.sesame:sesame-rio-api,1,not fixed,fixed,D:\rawData\gitHub_old\marmotta-3.2.1\libraries\ldcache\ldcache-backend-infinispan,D:\rawData\gitHub_new\marmotta-3.3.0\libraries\ldcache\ldcache-backend-infinispan
org.apache.marmotta:ldcache-backend-infinispan,commons-beanutils:commons-beanutils,2,not fixed,not fixed,D:\rawData\gitHub_old\marmotta-3.2.1\libraries\ldcache\ldcache-backend-infinispan,D:\rawData\gitHub_new\marmotta-3.3.0\libraries\ldcache\ldcache-backend-infinispan
org.apache.marmotta:ldcache-backend-infinispan,org.jboss.marshalling:jboss-marshalling-river,1,not fixed,not fixed,D:\rawData\gitHub_old\marmotta-3.2.1\libraries\ldcache\ldcache-backend-infinispan,D:\rawData\gitHub_new\marmotta-3.3.0\libraries\ldcache\ldcache-backend-infinispan
org.apache.marmotta:ldcache-backend-infinispan,org.jboss.marshalling:jboss-marshalling,1,not fixed,not fixed,D:\rawData\gitHub_old\marmotta-3.2.1\libraries\ldcache\ldcache-backend-infinispan,D:\rawData\gitHub_new\marmotta-3.3.0\libraries\ldcache\ldcache-backend-infinispan
org.apache.marmotta:ldcache-backend-infinispan,org.apache.httpcomponents:httpclient-cache,1,not fixed,not fixed,D:\rawData\gitHub_old\marmotta-3.2.1\libraries\ldcache\ldcache-backend-infinispan,D:\rawData\gitHub_new\marmotta-3.3.0\libraries\ldcache\ldcache-backend-infinispan
